{
    "name": "life",
    "display-name": "没有你好果汁吃",
    "avatar": "ysg.jpg",
    "avatar-dark": "ysg.jpg",
    "version": "1.0.0",
    "description": "贵物",
    "author": "clzrt",
    "languages": ["javascript"], 
    "contributes": [    
       {
            "keywords": ["function", "=>", "func ", "def "],
            "voices": [
            "fun_sydj.mp3",
            "cyby_sxc.mp3"
            ]
        },
        {
            "keywords": ["if"],
            "voices": [
            "mhl_dao.mp3",
            "dzzd_sy.mp3"
            ]
        },
        {
            "keywords": ["for", "while"],
            "voices": [
            "for_sxc.mp3",
            "for_sxc_fl.mp3"
            ]
        },
        {
            "keywords":["await"],
            "voices":[
            "await_ys.wav",
            "await_sxc.mp3",
            "await_sxc01.mp3"
            ]
        },
        {
            "keywords": ["catch", "except", "err != nil", "err!=nil"],
            "voices": [
            "catch_sy.mp3",
            "catch_gw.mp3"
            ]  
        },
        {
            "keywords": ["import", "include"],
            "voices": [
            "import_sy_smt.mp3"
            ]
        },
        {
            "keywords": ["fuck", "shit"],
            "voices": [
            "pa.mp3",
            "szo.mp3"
            ]
        },
        {
            "keywords": ["$time_morning"],
            "voices": ["morning_sxc.mp3"]
        },
        {
            "keywords": ["$time_before_noon"],
            "voices": [
                "time_before_noon_sxc.mp3"
            ]
        },
 
        {
            "keywords": ["new"],
            "voices": [
                "new_sy.mp3"
            ]
        },
        {
            "keywords":["del","execute","abort","stop","clear"],
            "voices":[
                "del_sxc.mp3"
            ]
        }
        
    ]
}

